{"centroid_mean": 11142.463675692397, "centroid_std": 6391.804986084685, "bandwidth_mean": 4345.349152665166, "bandwidth_std": 1659.0880570591567, "contrast_mean": 17.319170133274017, "flatness_mean": 0.399479192768643, "flatness_std": 0.41411106105265066, "bg_power": 2.0482157314701783e-07}