{"centroid_mean": 12270.430884999581, "centroid_std": 5214.092119076367, "bandwidth_mean": 3693.521599421943, "bandwidth_std": 1196.9312813940462, "contrast_mean": 18.077071406717582, "flatness_mean": 0.3036763632246197, "flatness_std": 0.2020884701691754, "bg_power": 3.817468079265048e-08}