{"centroid_mean": 7234.461092676113, "centroid_std": 4814.306202145381, "bandwidth_mean": 4024.761341130019, "bandwidth_std": 1707.0189230031551, "contrast_mean": 21.134423630645124, "flatness_mean": 0.06844880899236198, "flatness_std": 0.1012150563957983, "bg_power": 9.49364775967072e-08}